{
  "type": "create:sequenced_assembly",
  "ingredient": {
    "item": "minecraft:netherite_ingot"
  },
  "loops": 10,
  "results": [
    {
      "item": "estrogen:uwu"
    }
  ],
  "sequence": [
    {
      "type": "create:deploying",
      "ingredients": [
        {
          "item": "estrogen:incomplete_uwu"
        },
        {
          "item": "minecraft:nether_star"
        }
      ],
      "results": [
        {
          "item": "estrogen:incomplete_uwu"
        }
      ]
    },
    {
      "type": "create:pressing",
      "ingredients": [
        {
          "item": "estrogen:incomplete_uwu"
        }
      ],
      "results": [
        {
          "item": "estrogen:incomplete_uwu"
        }
      ]
    },
    {
      "type": "create:deploying",
      "ingredients": [
        {
          "item": "estrogen:incomplete_uwu"
        },
        {
          "item": "minecraft:nether_star"
        }
      ],
      "results": [
        {
          "item": "estrogen:incomplete_uwu"
        }
      ]
    },
    {
      "type": "create:pressing",
      "ingredients": [
        {
          "item": "estrogen:incomplete_uwu"
        }
      ],
      "results": [
        {
          "item": "estrogen:incomplete_uwu"
        }
      ]
    },
    {
      "type": "create:deploying",
      "ingredients": [
        {
          "item": "estrogen:incomplete_uwu"
        },
        {
          "item": "minecraft:nether_star"
        }
      ],
      "results": [
        {
          "item": "estrogen:incomplete_uwu"
        }
      ]
    },
    {
      "type": "create:pressing",
      "ingredients": [
        {
          "item": "estrogen:incomplete_uwu"
        }
      ],
      "results": [
        {
          "item": "estrogen:incomplete_uwu"
        }
      ]
    }
  ],
  "transitionalItem": {
    "item": "estrogen:incomplete_uwu"
  }
}