{
  "type": "minecraft:crafting_shapeless",
  "category": "misc",
  "ingredients": [
    {
      "item": "toendallestrogen:estrogen_pill"
    },
    {
      "item": "toendallestrogen:estrogen_pill"
    },
    {
      "item": "toendallestrogen:estrogen_pill"
    },
    {
      "item": "toendallestrogen:estrogen_pill"
    },
    {
      "item": "toendallestrogen:estrogen_pill"
    },
    {
      "item": "toendallestrogen:estrogen_pill"
    },
    {
      "item": "toendallestrogen:estrogen_pill"
    },
    {
      "item": "toendallestrogen:estrogen_pill"
    },
    {
      "item": "toendallestrogen:estrogen_pill"
    }
  ],
  "result": {
    "item": "toendallestrogen:estrogen_pill_block",
    "count": 1
  }
}