{
  "display": {
    "icon": {
      "item": "toendallestrogen:colonthree"
    },
    "title": {
      "translate": "advancements.colonthree_advancement.title"
    },
    "description": {
      "translate": "advancements.colonthree_advancement.descr"
    },
    "frame": "challenge",
    "show_toast": true,
    "announce_to_chat": true,
    "hidden": true
  },
  "criteria": {
    "colonthree_advancement_0": {
      "trigger": "minecraft:inventory_changed",
      "conditions": {
        "items": [
          {
            "items": [
              "toendallestrogen:colonthree"
            ],
            "count": {
              "min": 1,
              "max": 1
            }
          }
        ]
      }
    }
  },
  "parent": "toendallestrogen:estrogen_advancement"
}