{
  "display": {
    "icon": {
      "item": "toendallestrogen:testosterone_powder"
    },
    "title": {
      "translate": "advancements.estrogen_dealer.title"
    },
    "description": {
      "translate": "advancements.estrogen_dealer.descr"
    },
    "frame": "goal",
    "show_toast": true,
    "announce_to_chat": true,
    "hidden": false
  },
  "criteria": {
    "estrogen_dealer_0": {
      "trigger": "minecraft:inventory_changed",
      "conditions": {
        "items": [
          {
            "items": [
              "toendallestrogen:crystal_estrogen_pill"
            ],
            "count": {
              "min": 1,
              "max": 1
            }
          }
        ]
      }
    }
  },
  "parent": "toendallestrogen:pillupgals"
}