{
  "display": {
    "background": "toendallestrogen:textures/screens/dream.png",
    "icon": {
      "item": "toendallestrogen:estrogen_pill"
    },
    "title": {
      "translate": "advancements.estrogen_advancement.title"
    },
    "description": {
      "translate": "advancements.estrogen_advancement.descr"
    },
    "frame": "task",
    "show_toast": false,
    "announce_to_chat": false,
    "hidden": false
  },
  "criteria": {
    "estrogen_advancement_0": {
      "trigger": "minecraft:inventory_changed",
      "conditions": {
        "items": [
          {
            "items": [
              "toendallestrogen:horse_urine_bottle"
            ],
            "count": {
              "min": 1,
              "max": 1
            }
          }
        ]
      }
    }
  }
}