{
  "display": {
    "icon": {
      "item": "toendallestrogen:horse_urine_bottle"
    },
    "title": {
      "translate": "advancements.ewww.title"
    },
    "description": {
      "translate": "advancements.ewww.descr"
    },
    "frame": "task",
    "show_toast": true,
    "announce_to_chat": true,
    "hidden": false
  },
  "criteria": {
    "ewww_0": {
      "trigger": "minecraft:inventory_changed",
      "conditions": {
        "items": [
          {
            "items": [
              "toendallestrogen:horse_urine_bottle"
            ],
            "count": {
              "min": 1,
              "max": 1
            }
          }
        ]
      }
    }
  },
  "parent": "toendallestrogen:estrogen_advancement"
}