{
  "display": {
    "icon": {
      "item": "toendallestrogen:used_filter"
    },
    "title": {
      "translate": "advancements.first_stepin_processing.title"
    },
    "description": {
      "translate": "advancements.first_stepin_processing.descr"
    },
    "frame": "task",
    "show_toast": true,
    "announce_to_chat": true,
    "hidden": false
  },
  "criteria": {
    "first_stepin_processing_0": {
      "trigger": "minecraft:inventory_changed",
      "conditions": {
        "items": [
          {
            "items": [
              "toendallestrogen:used_filter"
            ],
            "count": {
              "min": 1,
              "max": 1
            }
          }
        ]
      }
    }
  },
  "parent": "toendallestrogen:ewww"
}