{
  "display": {
    "icon": {
      "item": "toendallestrogen:testosterone_chunk"
    },
    "title": {
      "translate": "advancements.nice_and_chunky.title"
    },
    "description": {
      "translate": "advancements.nice_and_chunky.descr"
    },
    "frame": "goal",
    "show_toast": true,
    "announce_to_chat": true,
    "hidden": false
  },
  "criteria": {
    "nice_and_chunky_0": {
      "trigger": "minecraft:inventory_changed",
      "conditions": {
        "items": [
          {
            "items": [
              "toendallestrogen:testosterone_chunk"
            ],
            "count": {
              "min": 1,
              "max": 1
            }
          }
        ]
      }
    }
  },
  "parent": "toendallestrogen:hehe"
}