{
  "display": {
    "icon": {
      "item": "toendallestrogen:estrogen_pill"
    },
    "title": {
      "translate": "advancements.pillupgals.title"
    },
    "description": {
      "translate": "advancements.pillupgals.descr"
    },
    "frame": "goal",
    "show_toast": true,
    "announce_to_chat": true,
    "hidden": false
  },
  "criteria": {
    "pillupgals_0": {
      "trigger": "minecraft:inventory_changed",
      "conditions": {
        "items": [
          {
            "items": [
              "toendallestrogen:estrogen_pill"
            ],
            "count": {
              "min": 1,
              "max": 1
            }
          }
        ]
      }
    }
  },
  "parent": "toendallestrogen:the_sourceof_girl_power"
}