{
  "display": {
    "icon": {
      "item": "toendallestrogen:liquid_estrogen_bucket"
    },
    "title": {
      "translate": "advancements.the_sourceof_girl_power.title"
    },
    "description": {
      "translate": "advancements.the_sourceof_girl_power.descr"
    },
    "frame": "goal",
    "show_toast": true,
    "announce_to_chat": true,
    "hidden": false
  },
  "criteria": {
    "the_sourceof_girl_power_0": {
      "trigger": "minecraft:inventory_changed",
      "conditions": {
        "items": [
          {
            "items": [
              "toendallestrogen:liquid_estrogen_bucket"
            ],
            "count": {
              "min": 1,
              "max": 1
            }
          }
        ]
      }
    }
  },
  "parent": "toendallestrogen:first_stepin_processing"
}