{
  "pillblock.break": {
    "subtitle": "subtitles.pillblock.break",
    "sounds": [
      {
        "name": "toendallestrogen:break1",
        "stream": false
      },
      {
        "name": "toendallestrogen:break2",
        "stream": false
      },
      {
        "name": "toendallestrogen:break3",
        "stream": false
      }
    ]
  },
  "pillblock.place": {
    "subtitle": "subtitles.pillblock.place",
    "sounds": [
      {
        "name": "toendallestrogen:place1",
        "stream": false
      },
      {
        "name": "toendallestrogen:place2",
        "stream": false
      },
      {
        "name": "toendallestrogen:place3",
        "stream": false
      }
    ]
  },
  "pillblock.step": {
    "subtitle": "subtitles.pillblock.step",
    "sounds": [
      {
        "name": "toendallestrogen:step1",
        "stream": false
      },
      {
        "name": "toendallestrogen:step2",
        "stream": false
      },
      {
        "name": "toendallestrogen:step3",
        "stream": false
      }
    ]
  }
}