{
  "minecraft:recipes/decorations/crafting_table": {
    "criteria": {
      "unlock_right_away": "2025-01-18 14:40:02 +0100"
    },
    "done": true
  },
  "minecraft:adventure/adventuring_time": {
    "criteria": {
      "minecraft:plains": "2025-01-18 14:41:52 +0100"
    },
    "done": false
  },
  "minecraft:adventure/root": {
    "criteria": {
      "killed_something": "2025-01-18 14:42:58 +0100"
    },
    "done": true
  },
  "minecraft:recipes/combat/leather_helmet": {
    "criteria": {
      "has_leather": "2025-01-18 14:42:59 +0100"
    },
    "done": true
  },
  "minecraft:recipes/combat/leather_leggings": {
    "criteria": {
      "has_leather": "2025-01-18 14:42:59 +0100"
    },
    "done": true
  },
  "minecraft:recipes/decorations/item_frame": {
    "criteria": {
      "has_leather": "2025-01-18 14:42:59 +0100"
    },
    "done": true
  },
  "minecraft:recipes/combat/leather_chestplate": {
    "criteria": {
      "has_leather": "2025-01-18 14:42:59 +0100"
    },
    "done": true
  },
  "minecraft:recipes/combat/leather_boots": {
    "criteria": {
      "has_leather": "2025-01-18 14:42:59 +0100"
    },
    "done": true
  },
  "minecraft:recipes/misc/leather_horse_armor": {
    "criteria": {
      "has_leather": "2025-01-18 14:42:59 +0100"
    },
    "done": true
  },
  "minecraft:adventure/kill_all_mobs": {
    "criteria": {
      "minecraft:slime": "2025-01-18 14:43:03 +0100"
    },
    "done": false
  },
  "minecraft:adventure/kill_a_mob": {
    "criteria": {
      "minecraft:slime": "2025-01-18 14:43:03 +0100"
    },
    "done": true
  },
  "create:root": {
    "criteria": {
      "0": "2025-01-20 09:06:47 +0100"
    },
    "done": true
  },
  "toendallestrogen:estrogen_advancement": {
    "criteria": {
      "estrogen_advancement_0": "2025-01-20 09:06:47 +0100"
    },
    "done": true
  },
  "toendallestrogen:ewww": {
    "criteria": {
      "ewww_0": "2025-01-20 09:06:47 +0100"
    },
    "done": true
  },
  "toendallestrogen:colonthree_advancement": {
    "criteria": {
      "colonthree_advancement_0": "2025-01-20 09:07:16 +0100"
    },
    "done": true
  },
  "toendallestrogen:the_sourceof_girl_power": {
    "criteria": {
      "the_sourceof_girl_power_0": "2025-01-20 09:07:18 +0100"
    },
    "done": true
  },
  "toendallestrogen:hehe": {
    "criteria": {
      "hehe_0": "2025-01-20 09:07:32 +0100"
    },
    "done": true
  },
  "toendallestrogen:first_stepin_processing": {
    "criteria": {
      "first_stepin_processing_0": "2025-01-20 09:07:33 +0100"
    },
    "done": true
  },
  "create:recipes/misc/crafting/kinetics/gearbox": {
    "criteria": {
      "has_item": "2025-01-20 09:08:33 +0100"
    },
    "done": true
  },
  "create:mechanical_pump_0": {
    "criteria": {
      "0": "2025-01-20 09:08:48 +0100"
    },
    "done": true
  },
  "create:wrench_goggles": {
    "criteria": {
      "0": "2025-01-20 09:09:05 +0100",
      "1": "2025-01-20 09:09:59 +0100"
    },
    "done": true
  },
  "create:glass_pipe": {
    "criteria": {
      "0": "2025-01-20 09:09:39 +0100"
    },
    "done": true
  },
  "minecraft:husbandry/root": {
    "criteria": {
      "consumed_item": "2025-01-20 09:10:58 +0100"
    },
    "done": true
  },
  "create:belt": {
    "criteria": {
      "0": "2025-01-20 09:11:12 +0100"
    },
    "done": true
  },
  "minecraft:recipes/decorations/chest": {
    "criteria": {
      "has_lots_of_items": "2025-01-23 09:02:24 +0100"
    },
    "done": true
  },
  "create:recipes/misc/crafting/appliances/filter_clear": {
    "criteria": {
      "has_item": "2025-01-23 09:03:16 +0100"
    },
    "done": true
  },
  "create:mechanical_mixer": {
    "criteria": {
      "0": "2025-01-23 09:04:25 +0100"
    },
    "done": true
  },
  "minecraft:recipes/decorations/oak_sign": {
    "criteria": {
      "has_planks": "2025-01-23 09:21:26 +0100"
    },
    "done": true
  },
  "minecraft:recipes/redstone/oak_trapdoor": {
    "criteria": {
      "has_planks": "2025-01-23 09:21:26 +0100"
    },
    "done": true
  },
  "minecraft:recipes/misc/stick": {
    "criteria": {
      "has_planks": "2025-01-23 09:21:26 +0100"
    },
    "done": true
  },
  "minecraft:recipes/building_blocks/oak_stairs": {
    "criteria": {
      "has_planks": "2025-01-23 09:21:26 +0100"
    },
    "done": true
  },
  "minecraft:recipes/decorations/oak_fence": {
    "criteria": {
      "has_planks": "2025-01-23 09:21:26 +0100"
    },
    "done": true
  },
  "minecraft:recipes/redstone/oak_button": {
    "criteria": {
      "has_planks": "2025-01-23 09:21:26 +0100"
    },
    "done": true
  },
  "minecraft:recipes/building_blocks/oak_slab": {
    "criteria": {
      "has_planks": "2025-01-23 09:21:26 +0100"
    },
    "done": true
  },
  "minecraft:recipes/redstone/oak_fence_gate": {
    "criteria": {
      "has_planks": "2025-01-23 09:21:26 +0100"
    },
    "done": true
  },
  "minecraft:recipes/redstone/oak_pressure_plate": {
    "criteria": {
      "has_planks": "2025-01-23 09:21:26 +0100"
    },
    "done": true
  },
  "minecraft:recipes/redstone/oak_door": {
    "criteria": {
      "has_planks": "2025-01-23 09:21:26 +0100"
    },
    "done": true
  },
  "create:recipes/building_blocks/oak_window": {
    "criteria": {
      "has_ingredient": "2025-01-23 09:21:26 +0100"
    },
    "done": true
  },
  "minecraft:recipes/decorations/barrel": {
    "criteria": {
      "has_planks": "2025-01-23 09:21:26 +0100"
    },
    "done": true
  },
  "create:drain": {
    "criteria": {
      "0": "2025-01-23 09:59:33 +0100"
    },
    "done": true
  },
  "toendallestrogen:pillupgals": {
    "criteria": {
      "pillupgals_0": "2025-01-23 09:59:46 +0100"
    },
    "done": true
  },
  "toendallestrogen:the_source_of_man_power": {
    "criteria": {
      "the_source_of_man_power_0": "2025-01-23 10:35:31 +0100"
    },
    "done": true
  },
  "toendallestrogen:estrogen_dealer": {
    "criteria": {
      "estrogen_dealer_0": "2025-01-23 10:35:31 +0100"
    },
    "done": true
  },
  "DataVersion": 3465
}