{
  "_fv": 73,
  "_type": "achievement",
  "definition": {
    "achievementName": "Estrogen Advancement",
    "achievementDescription": "Create Addon Based around expressing yourself, fluid handling and expanding your factory!",
    "achievementIcon": {
      "value": "CUSTOM:EstrogenPill"
    },
    "background": "dream.png",
    "disableDisplay": false,
    "showPopup": false,
    "announceToChat": false,
    "hideIfNotCompleted": false,
    "rewardLoot": [],
    "rewardRecipes": [],
    "rewardXP": 0,
    "achievementType": "task",
    "parent": {
      "value": "No parent: root"
    },
    "triggerxml": "<xml xmlns=\"https://developers.google.com/blockly/xml\"><block type=\"advancement_trigger\" deletable=\"false\" x=\"97\" y=\"34\"><next><block type=\"item_in_inventory\"><value name=\"amount_l\"><block type=\"math_number\"><field name=\"NUM\">1</field></block></value><value name=\"amount_h\"><block type=\"math_number\"><field name=\"NUM\">1</field></block></value><value name=\"item\"><block type=\"mcitem_all\"><field name=\"value\">CUSTOM:HorseUrineBottle</field></block></value></block></next></block></xml>"
  }
}