{
  "_fv": 73,
  "_type": "fluid",
  "definition": {
    "name": "Molten Slme",
    "bucketName": "Molten Slime Bucket",
    "textureStill": "molten_slime_still",
    "textureFlowing": "molten_slime_flow",
    "textureRenderOverlay": "",
    "hasFog": true,
    "fogStartDistance": {
      "fixedValue": 0.0
    },
    "fogEndDistance": {
      "fixedValue": 48.0
    },
    "tintType": "No tint",
    "canMultiply": false,
    "flowRate": 60,
    "levelDecrease": 2,
    "slopeFindDistance": 3,
    "spawnParticles": true,
    "dripParticle": {
      "value": "SLIME"
    },
    "flowStrength": -0.0,
    "luminosity": 0,
    "density": 1000,
    "viscosity": 1000,
    "temperature": 300,
    "type": "LAVA",
    "generateBucket": true,
    "textureBucket": "molten_slime_bucket",
    "creativeTabs": [
      {
        "value": "CUSTOM:Estrogen"
      }
    ],
    "emptySound": {
      "value": "block.slime.place"
    },
    "rarity": "COMMON",
    "specialInformation": {
      "fixedValue": []
    },
    "resistance": 100.0,
    "luminance": 0,
    "lightOpacity": 1,
    "emissiveRendering": false,
    "tickRate": 0,
    "flammability": 0,
    "fireSpreadSpeed": 0,
    "colorOnMap": "DEFAULT"
  }
}