{
  "_fv": 73,
  "_type": "achievement",
  "definition": {
    "achievementName": "The Source of (Man) Power",
    "achievementDescription": "Collect a Bucket of Testosterone Mixture",
    "achievementIcon": {
      "value": "CUSTOM:TestosteroneMixture.bucket"
    },
    "background": "Default",
    "disableDisplay": false,
    "showPopup": true,
    "announceToChat": true,
    "hideIfNotCompleted": false,
    "rewardLoot": [],
    "rewardRecipes": [],
    "rewardXP": 0,
    "achievementType": "goal",
    "parent": {
      "value": "CUSTOM:NiceAndChunky"
    },
    "triggerxml": "<xml xmlns=\"https://developers.google.com/blockly/xml\"><block type=\"advancement_trigger\" deletable=\"false\" x=\"116\" y=\"131\"><next><block type=\"item_in_inventory\"><value name=\"amount_l\"><block type=\"math_number\"><field name=\"NUM\">1</field></block></value><value name=\"amount_h\"><block type=\"math_number\"><field name=\"NUM\">1</field></block></value><value name=\"item\"><block type=\"mcitem_all\"><field name=\"value\">CUSTOM:TestosteroneMixture.bucket</field></block></value></block></next></block></xml>"
  }
}