{
  "_fv": 73,
  "_type": "fluid",
  "definition": {
    "name": "Horse Urine",
    "bucketName": "Horse Urine Bucket",
    "textureStill": "urine_still",
    "textureFlowing": "urine_flow",
    "textureRenderOverlay": "",
    "hasFog": true,
    "fogStartDistance": {
      "fixedValue": 0.0
    },
    "fogEndDistance": {
      "fixedValue": 48.0
    },
    "tintType": "No tint",
    "canMultiply": false,
    "flowRate": 5,
    "levelDecrease": 1,
    "slopeFindDistance": 4,
    "spawnParticles": false,
    "dripParticle": {
      "value": "EXPLOSION_NORMAL"
    },
    "flowStrength": 1.0,
    "luminosity": 0,
    "density": 1000,
    "viscosity": 1000,
    "temperature": 300,
    "type": "WATER",
    "generateBucket": true,
    "textureBucket": "horse_urine_bucket",
    "creativeTabs": [],
    "emptySound": {
      "value": ""
    },
    "rarity": "COMMON",
    "specialInformation": {
      "fixedValue": []
    },
    "resistance": 100.0,
    "luminance": 0,
    "lightOpacity": 1,
    "emissiveRendering": false,
    "tickRate": 0,
    "flammability": 0,
    "fireSpreadSpeed": 0,
    "colorOnMap": "DEFAULT"
  }
}