{"stats":{"minecraft:killed":{"minecraft:horse":1,"minecraft:slime":1},"minecraft:custom":{"minecraft:time_since_rest":28322,"minecraft:crouch_one_cm":77,"minecraft:sprint_one_cm":1335,"minecraft:play_time":28322,"minecraft:walk_one_cm":37288,"minecraft:sneak_time":239,"minecraft:mob_kills":2,"minecraft:drop":72,"minecraft:jump":112,"minecraft:damage_dealt":640,"minecraft:leave_game":1,"minecraft:time_since_death":28322,"minecraft:total_world_time":33878,"minecraft:fly_one_cm":42603},"minecraft:picked_up":{"create:filter":1,"minecraft:leather":2},"minecraft:dropped":{"create:filter":70,"toendallestrogen:horse_urine_bottle":2},"minecraft:used":{"toendallestrogen:estrogen_pill":14,"toendallestrogen:testosterone_mixture_bucket":2,"toendallestrogen:filtered_urine_bucket":23,"create:item_drain":1,"minecraft:netherite_sword":5,"create:fluid_tank":11,"create:basin":13,"create:mechanical_pump":6,"minecraft:dirt":2,"toendallestrogen:gender_fluid_bucket":2,"create:mechanical_mixer":1,"toendallestrogen:horse_urine_bottle":3,"create:shaft":4,"create:wrench":9,"toendallestrogen:liquid_estrogen_bucket":10,"create:cogwheel":10,"toendallestrogen:molten_amethyst_bucket":1,"minecraft:oak_planks":3,"toendallestrogen:urine_bucket":97,"create:fluid_pipe":10,"create:filter":1,"create:belt_connector":4,"toendallestrogen:molten_slime_bucket":3,"create:creative_motor":6,"create:smart_fluid_pipe":3,"minecraft:horse_spawn_egg":2}},"DataVersion":3465}